Workbook

Sheet Summary
C2: 年度 | D2: 金額
C3: 2024 | D3: ='2024年度'!P10 + '2024年度'!P35 -> 108601
C4: 2025 | D4: ='2025年度 '!P11 + '2025年度 '!P36 -> 250654
C5: 2026 | D5: ='2026年度 '!P12 + '2026年度 '!P36 -> 199237
C6: 2027 | D6: ='2027年度 '!P10 + '2027年度 '!P29 -> 0
C7: 2028 | D7: ='2028年度 '!P10 + '2028年度 '!P29 -> 0
C8: 2029 | D8: ='2029年度'!P10 + '2029年度'!P29 -> 0
C9: 2030
C10: 2031
C11: 2032
C12: 2033
C13: 2034
C14: 2035
C15: 2036
C16: 2037
C17: 2038
C18: 2039
C19: 2040
C20: 2041
... C23: 2044
C25: Sum | D25: =SUM(D3:D23) -> 558492

Sheet 2024年度
B2: ETF | C2: 2024/01 | D2: 2024/02 | E2: 2024/03 | F2: 2024/04 | G2: 2024/05 | H2: 2024/06 | I2: 2024/07 | J2: 2024/08 | K2: 2024/09 | L2: 2024/10 | M2: 2024/11 | N2: 2024/12 | P2: Sum
B3: 0056 | C3: 0 | D3: 0 | E3: 0 | F3: 0 | G3: 0 | H3: 0 | I3: 0 | J3: 2130 | K3: 0 | L3: 0 | M3: 2130 | N3: 0 | P3: =SUM(C3:N3) -> 4260
B4: 00878 | C4: 0 | D4: 0 | E4: 0 | F4: 0 | G4: 0 | H4: 0 | I4: 0 | J4: 0 | K4: 3290 | L4: 0 | M4: 0 | N4: 3290 | P4: =SUM(C4:N4) -> 6580
B5: 00900 | C5: 0 | D5: 0 | E5: 0 | F5: 0 | G5: 0 | H5: 0 | I5: 0 | J5: 0 | K5: 15840 | L5: 0 | M5: 0 | N5: 2000 | P5: =SUM(C5:N5) -> 17840
B6: 00712 | C6: 0 | D6: 0 | E6: 0 | F6: 0 | G6: 0 | H6: 0 | I6: 0 | J6: 0 | K6: 0 | L6: 4390 | M6: 0 | N6: 0 | P6: =SUM(C6:N6) -> 4390
B7: 00929 | C7: 0 | D7: 0 | E7: 0 | F7: 0 | G7: 0 | H7: 0 | I7: 0 | J7: 2690 | K7: 3230 | L7: 3190 | M7: 3070 | N7: 2630 | P7: =SUM(C7:N7) -> 14810
B8: 00679B | C8: 0 | D8: 0 | E8: 0 | F8: 0 | G8: 0 | H8: 0 | I8: 0 | J8: 0 | K8: 4820 | L8: 0 | M8: 0 | N8: 5770 | P8: =SUM(C8:N8) -> 10590
B10: Total | C10: =SUM(C3:C8) -> 0 | D10: =SUM(D3:D8) -> 0 | E10: =SUM(E3:E8) -> 0 | F10: =SUM(F3:F8) -> 0 | G10: =SUM(G3:G8) -> 0 | H10: =SUM(H3:H8) -> 0 | I10: =SUM(I3:I8) -> 0 | J10: =SUM(J3:J8) -> 4820 | ... N10: =SUM(N3:N8) -> 13690 | P10: =SUM(C10:N10) -> 58470
C11: =SUM(C10:E10) -> 0 | F11: =SUM(F10:H10) -> 0 | I11: =SUM(I10:K10) -> 32000 | L11: =SUM(L10:N10) -> 26470
B13: 股票 | C13: 2024/01 | D13: 2024/02 | E13: 2024/03 | F13: 2024/04 | G13: 2024/05 | H13: 2024/06 | I13: 2024/07 | J13: 2024/08 | K13: 2024/09 | L13: 2024/10 | M13: 2024/11 | N13: 2024/12 | P13: Sum
B14: 台化 | C14: 0 | D14: 0 | E14: 0 | F14: 0 | G14: 0 | H14: 0 | I14: 0 | J14: 1240 | K14: 0 | L14: 0 | M14: 0 | N14: 0 | P14: =SUM(C14:N14) -> 1240
B15: 宏泰 | C15: 0 | D15: 0 | E15: 0 | F15: 0 | G15: 0 | H15: 0 | I15: 0 | J15: 0 | K15: 0 | L15: 0 | M15: 0 | N15: 0 | P15: =SUM(C15:N15) -> 0
B16: 中鋼 | C16: 0 | D16: 0 | E16: 0 | F16: 0 | G16: 0 | H16: 0 | I16: 0 | J16: 1761 | K16: 0 | L16: 0 | M16: 0 | N16: 0 | P16: =SUM(C16:N16) -> 1761
B17: 台橡 | C17: 0 | D17: 0 | E17: 0 | F17: 0 | G17: 0 | H17: 0 | I17: 0 | J17: 0 | K17: 0 | L17: 0 | M17: 0 | N17: 0 | P17: =SUM(C17:N17) -> 0
B18: 鑫永銓 | C18: 0 | D18: 0 | E18: 0 | F18: 0 | G18: 0 | H18: 0 | I18: 0 | J18: 0 | K18: 0 | L18: 0 | M18: 0 | N18: 0 | P18: =SUM(C18:N18) -> 0
B19: 聯電 | C19: 0 | D19: 0 | E19: 0 | F19: 0 | G19: 0 | H19: 0 | I19: 0 | J19: 0 | K19: 0 | L19: 0 | M19: 0 | N19: 0 | P19: =SUM(C19:N19) -> 0
B20: 廣宇 | C20: 0 | D20: 0 | E20: 0 | F20: 0 | G20: 0 | H20: 0 | I20: 0 | J20: 0 | K20: 7779 | L20: 0 | M20: 0 | N20: 0 | P20: =SUM(C20:N20) -> 7779
B21: 台亞 | C21: 0 | D21: 0 | E21: 0 | F21: 0 | G21: 0 | H21: 0 | I21: 0 | J21: 1490 | K21: 0 | L21: 0 | M21: 0 | N21: 0 | P21: =SUM(C21:N21) -> 1490
B22: 精技 | C22: 0 | D22: 0 | E22: 0 | F22: 0 | G22: 0 | H22: 0 | I22: 0 | J22: 10990 | K22: 0 | L22: 0 | M22: 0 | N22: 0 | P22: =SUM(C22:N22) -> 10990
B23: 凱基金 | C23: 0 | D23: 0 | E23: 0 | F23: 0 | G23: 0 | H23: 0 | I23: 0 | J23: 0 | K23: 0 | L23: 0 | M23: 0 | N23: 0 | P23: =SUM(C23:N23) -> 0
B24: 第一金 | C24: 0 | D24: 0 | E24: 0 | F24: 0 | G24: 0 | H24: 0 | I24: 0 | J24: 13943 | K24: 0 | L24: 0 | M24: 0 | N24: 0 | P24: =SUM(C24:N24) -> 13943
B25: 晶技 | C25: 0 | D25: 0 | E25: 0 | F25: 0 | G25: 0 | H25: 0 | I25: 0 | J25: 0 | K25: 0 | L25: 0 | M25: 0 | N25: 0 | P25: =SUM(C25:N25) -> 0
... B31: 大台北 | C31: 0 | D31: 0 | E31: 0 | F31: 0 | G31: 0 | H31: 0 | I31: 0 | J31: 2390 | K31: 0 | L31: 0 | M31: 0 | N31: 0 | P31: =SUM(C31:N31) -> 2390
C32: 0 | D32: 0 | E32: 0 | F32: 0 | G32: 0 | H32: 0 | I32: 0 | J32: 0 | K32: 0 | L32: 0 | M32: 0 | N32: 0 | P32: =SUM(C32:N32) -> 0
C33: 0 | D33: 0 | E33: 0 | F33: 0 | G33: 0 | H33: 0 | I33: 0 | J33: 0 | K33: 0 | L33: 0 | M33: 0 | N33: 0 | P33: =SUM(C33:N33) -> 0
B35: Total | C35: =SUM(C14:C33) -> 0 | D35: =SUM(D14:D33) -> 0 | E35: =SUM(E14:E33) -> 0 | F35: =SUM(F14:F33) -> 0 | G35: =SUM(G14:G33) -> 0 | H35: =SUM(H14:H33) -> 0 | I35: =SUM(I14:I33) -> 0 | J35: =SUM(J14:J33) -> 42352 | ... N35: =SUM(N14:N33) -> 0 | P35: =SUM(C35:N35) -> 50131

Sheet 2025年度 
B2: ETF | C2: 2025/01 | D2: 2025/02 | E2: 2025/03 | F2: 2025/04 | G2: 2025/05 | H2: 2025/06 | I2: 2025/07 | J2: 2025/08 | K2: 2025/09 | L2: 2025/10 | M2: 2025/11 | N2: 2025/12 | P2: Sum | Q2: 每張均價
B3: 0056 | C3: 0 | D3: 2130 | E3: 0 | F3: 0 | G3: 2130 | H3: 0 | I3: 0 | J3: 1722 | K3: 0 | L3: 0 | M3: 1722 | N3: 0 | P3: =SUM(C3:N3) -> 7704 | Q3: =P3/2 -> 3852 | R3: 2
B4: 0050 | C4: 0 | D4: 0 | E4: 0 | F4: 0 | G4: 0 | H4: 0 | I4: 0 | J4: 0 | K4: 0 | L4: 0 | M4: 0 | N4: 0 | R4: 4
B5: 00878 | C5: 0 | D5: 0 | E5: 2990 | F5: 0 | G5: 0 | H5: 3280 | I5: 0 | J5: 0 | K5: 2790 | L5: 0 | M5: 0 | N5: 7990 | P5: =SUM(C5:N5) -> 17050 | Q5: =P5/7 -> 2435.7143 | R5: 24
B6: 00900 | C6: 2000 | D6: 2000 | E6: 2000 | F6: 2000 | G6: 2000 | H6: 2000 | I6: 2000 | J6: 2000 | K6: 2000 | L6: 2000 | M6: 2000 | N6: 2000 | P6: =SUM(C6:N6) -> 24000 | Q6: =P6/20 -> 1200 | R6: 20
B7: 00712 | C7: 4060 | D7: 0 | E7: 0 | F7: 4199 | G7: 0 | H7: 0 | I7: 5280 | J7: 0 | K7: 0 | L7: 5690 | M7: 0 | N7: 0 | P7: =SUM(C7:N7) -> 19229 | Q7: =P7/23 -> 836.04348 | R7: 60
B8: 00929 | C8: 1240 | D8: 1240 | E8: 1240 | F8: 1240 | G8: 1240 | H8: 1740 | I8: 1740 | J8: 1740 | K8: 1990 | L8: 1990 | M8: 1990 | N8: 2240 | P8: =SUM(C8:N8) -> 19630 | Q8: =P8/25 -> 785.2 | R8: 25
B9: 00679B | C9: 0 | D9: 0 | E9: 5390 | F9: 0 | G9: 0 | H9: 5750 | I9: 0 | J9: 0 | K9: 5310 | L9: 0 | M9: 0 | N9: 5310 | P9: =SUM(C9:N9) -> 21760 | Q9: =P9/18 -> 1208.8889 | R9: 19
B11: Total | C11: =SUM(C3:C9) -> 7300 | D11: =SUM(D3:D9) -> 5370 | E11: =SUM(E3:E9) -> 11620 | F11: =SUM(F3:F9) -> 7439 | G11: =SUM(G3:G9) -> 5370 | H11: =SUM(H3:H9) -> 12770 | I11: =SUM(I3:I9) -> 9020 | J11: =SUM(J3:J9) -> 5462 | ... N11: =SUM(N3:N9) -> 17540 | P11: =SUM(C11:N11) -> 109373
C12: =SUM(C11:E11) -> 24290 | F12: =SUM(F11:H11) -> 25579 | I12: =SUM(I11:K11) -> 26572 | L12: =SUM(L11:N11) -> 32932
B14: 股票 | C14: 2025/01 | D14: 2025/02 | E14: 2025/03 | F14: 2025/04 | G14: 2025/05 | H14: 2025/06 | I14: 2025/07 | J14: 2025/08 | K14: 2025/09 | L14: 2025/10 | M14: 2025/11 | N14: 2025/12 | P14: Sum
A15: 1 | B15: 台化 | C15: 0 | D15: 0 | E15: 0 | F15: 0 | G15: 0 | H15: 0 | I15: 490 | J15: 0 | K15: 0 | L15: 0 | M15: 0 | N15: 0 | P15: =SUM(C15:N15) -> 490
A16: 2 | B16: 宏泰 | C16: 0 | D16: 0 | E16: 0 | F16: 0 | G16: 0 | H16: 0 | I16: 10490 | J16: 0 | K16: 0 | L16: 0 | M16: 0 | N16: 0 | P16: =SUM(C16:N16) -> 10490
A17: 3 | B17: 中鋼 | C17: 0 | D17: 0 | E17: 0 | F17: 0 | G17: 0 | H17: 0 | I17: 0 | J17: 1660 | K17: 0 | L17: 0 | M17: 0 | N17: 0 | P17: =SUM(C17:N17) -> 1660
A18: 4 | B18: 台橡 | C18: 0 | D18: 0 | E18: 0 | F18: 0 | G18: 0 | H18: 0 | I18: 1880 | J18: 0 | K18: 0 | L18: 0 | M18: 0 | N18: 0 | P18: =SUM(C18:N18) -> 1880
A19: 5 | B19: 鑫永銓 | C19: 0 | D19: 0 | E19: 0 | F19: 0 | G19: 0 | H19: 0 | I19: 5490 | J19: 0 | K19: 0 | L19: 0 | M19: 0 | N19: 0 | P19: =SUM(C19:N19) -> 5490
A20: 6 | B20: 聯電 | C20: 0 | D20: 0 | E20: 0 | F20: 0 | G20: 0 | H20: 0 | I20: 6972 | J20: 0 | K20: 0 | L20: 0 | M20: 0 | N20: 0 | P20: =SUM(C20:N20) -> 6972
A21: 7 | B21: 廣宇 | C21: 0 | D21: 0 | E21: 0 | F21: 0 | G21: 0 | H21: 0 | I21: 6581 | J21: 0 | K21: 0 | L21: 0 | M21: 0 | N21: 0 | P21: =SUM(C21:N21) -> 6581
A22: 8 | B22: 台亞 | C22: 0 | D22: 0 | E22: 0 | F22: 0 | G22: 0 | H22: 0 | I22: 0 | J22: 0 | K22: 0 | L22: 0 | M22: 0 | N22: 0 | P22: =SUM(C22:N22) -> 0
A23: 9 | B23: 精技 | C23: 0 | D23: 0 | E23: 0 | F23: 0 | G23: 0 | H23: 0 | I23: 0 | J23: 12490 | K23: 0 | L23: 0 | M23: 0 | N23: 0 | P23: =SUM(C23:N23) -> 12490
A24: 10 | B24: 凱基金 | C24: 0 | D24: 0 | E24: 0 | F24: 0 | G24: 0 | H24: 0 | I24: 4702 | J24: 0 | K24: 0 | L24: 0 | M24: 0 | N24: 0 | P24: =SUM(C24:N24) -> 4702
A25: 11 | B25: 第一金 | C25: 0 | D25: 0 | E25: 0 | F25: 0 | G25: 0 | H25: 0 | I25: 0 | J25: 15624 | K25: 0 | L25: 0 | M25: 0 | N25: 0 | P25: =SUM(C25:N25) -> 15624
A26: 12 | B26: 晶技 | C26: 0 | D26: 0 | E26: 0 | F26: 0 | G26: 0 | H26: 0 | I26: 5190 | J26: 0 | K26: 0 | L26: 0 | M26: 0 | N26: 0 | P26: =SUM(C26:N26) -> 5190
... A33: 19 | B33: 台積電 | C33: 0 | D33: 0 | E33: 0 | F33: 0 | G33: 0 | H33: 0 | I33: 1795 | J33: 0 | K33: 0 | L33: 1995 | M33: 0 | N33: 0 | P33: =SUM(C33:N33) -> 3790
C34: 0 | D34: 0 | E34: 0 | F34: 0 | G34: 0 | H34: 0 | I34: 0 | J34: 0 | K34: 0 | L34: 0 | M34: 0 | N34: 0 | P34: =SUM(C34:N34) -> 0
B36: Total | C36: =SUM(C15:C34) -> 0 | D36: =SUM(D15:D34) -> 0 | E36: =SUM(E15:E34) -> 0 | F36: =SUM(F15:F34) -> 0 | G36: =SUM(G15:G34) -> 0 | H36: =SUM(H15:H34) -> 42712 | I36: =SUM(I15:I34) -> 50240 | J36: =SUM(J15:J34) -> 46334 | ... N36: =SUM(N15:N34) -> 0 | P36: =SUM(C36:N36) -> 141281

Sheet 2026年度 
B2: ETF | C2: 2026/01 | D2: 2026/02 | E2: 2026/03 | F2: 2026/04 | G2: 2026/05 | H2: 2026/06 | I2: 2026/07 | J2: 2026/08 | K2: 2026/09 | L2: 2026/10 | M2: 2026/11 | N2: 2026/12 | P2: Sum
B3: 0056 | C3: 0 | D3: 1722 | E3: 0 | F3: 0 | G3: 1990 | H3: 0 | I3: 0 | J3: 0 | K3: 0 | L3: 0 | M3: 0 | N3: 0 | P3: =SUM(C3:N3) -> 3712
B4: 0050 | C4: 0 | D4: 3900 | E4: 0 | F4: 0 | G4: 0 | H4: 0 | I4: 0 | J4: 0 | K4: 0 | L4: 0 | M4: 0 | N4: 0 | P4: =SUM(C4:N4) -> 3900
B5: 00878 | C5: 0 | D5: 0 | E5: 10070 | F5: 0 | G5: 0 | H5: 19790 | I5: 0 | J5: 0 | K5: 0 | L5: 0 | M5: 0 | N5: 0 | P5: =SUM(C5:N5) -> 29860
B6: 00900 | C6: 1500 | D6: 1500 | E6: 1500 | F6: 1500 | G6: 1500 | H6: 1500 | I6: 1500 | J6: 0 | K6: 0 | L6: 0 | M6: 0 | N6: 0 | P6: =SUM(C6:N6) -> 10500
B7: 00953B
B8: 00712 | C8: 11390 | D8: 0 | E8: 0 | F8: 17090 | G8: 0 | H8: 0 | I8: 27015 | J8: 0 | K8: 0 | L8: 0 | M8: 0 | N8: 0 | P8: =SUM(C8:N8) -> 55495 | Q8: =F8/105 -> 162.7619
B9: 00929 | C9: 2240 | D9: 2490 | E9: 2490 | F9: 2740 | G9: 3240 | H9: 3240 | I9: 6490 | J9: 0 | K9: 0 | L9: 0 | M9: 0 | N9: 0 | P9: =SUM(C9:N9) -> 22930
B10: 00679B | C10: 0 | D10: 0 | E10: 5310 | F10: 0 | G10: 0 | H10: 5310 | I10: 0 | J10: 0 | K10: 0 | L10: 0 | M10: 0 | N10: 0 | P10: =SUM(C10:N10) -> 10620 | Q10: =P10/19 -> 558.94737
B12: Total | C12: =SUM(C3:C10) -> 15130 | D12: =SUM(D3:D10) -> 9612 | E12: =SUM(E3:E10) -> 19370 | F12: =SUM(F3:F10) -> 21330 | G12: =SUM(G3:G10) -> 6730 | H12: =SUM(H3:H10) -> 29840 | I12: =SUM(I3:I10) -> 35005 | J12: =SUM(J3:J10) -> 0 | ... N12: =SUM(N3:N10) -> 0 | P12: =SUM(C12:N12) -> 137017
C13: =SUM(C12:E12) -> 44112 | F13: =SUM(F12:H12) -> 57900 | I13: =SUM(I12:K12) -> 35005 | L13: =SUM(L12:N12) -> 0
B15: 股票 | C15: 2026/01 | D15: 2026/02 | E15: 2026/03 | F15: 2026/04 | G15: 2026/05 | H15: 2026/06 | I15: 2026/07 | J15: 2026/08 | K15: 2026/09 | L15: 2026/10 | M15: 2026/11 | N15: 2026/12 | P15: Sum
B16: 宏泰 | C16: 0 | D16: 0 | E16: 0 | F16: 0 | G16: 0 | H16: 0 | I16: 0 | J16: 0 | K16: 0 | L16: 0 | M16: 0 | N16: 0 | P16: =SUM(C16:N16) -> 0
B17: 台化 | C17: 0 | D17: 0 | E17: 0 | F17: 0 | G17: 0 | H17: 0 | I17: 590 | J17: 0 | K17: 0 | L17: 0 | M17: 0 | N17: 0 | P17: =SUM(C17:N17) -> 590
B18: 中鋼 | C18: 0 | D18: 0 | E18: 0 | F18: 0 | G18: 0 | H18: 0 | I18: 0 | J18: 0 | K18: 0 | L18: 0 | M18: 0 | N18: 0 | P18: =SUM(C18:N18) -> 0
B19: 台橡 | C19: 0 | D19: 0 | E19: 0 | F19: 0 | G19: 0 | H19: 0 | I19: 800 | J19: 0 | K19: 0 | L19: 0 | M19: 0 | N19: 0 | P19: =SUM(C19:N19) -> 800
B20: 鑫永銓 | C20: 0 | D20: 0 | E20: 0 | F20: 0 | G20: 0 | H20: 0 | I20: 5490 | J20: 0 | K20: 0 | L20: 0 | M20: 0 | N20: 0 | P20: =SUM(C20:N20) -> 5490
B21: 聯電 | C21: 0 | D21: 0 | E21: 0 | F21: 0 | G21: 0 | H21: 0 | I21: 6379 | J21: 0 | K21: 0 | L21: 0 | M21: 0 | N21: 0 | P21: =SUM(C21:N21) -> 6379
B22: 廣宇 | C22: 0 | D22: 0 | E22: 0 | F22: 0 | G22: 0 | H22: 0 | I22: 5382 | J22: 0 | K22: 0 | L22: 0 | M22: 0 | N22: 0 | P22: =SUM(C22:N22) -> 5382
B23: 台亞 | C23: 0 | D23: 0 | E23: 0 | F23: 0 | G23: 0 | H23: 0 | I23: 0 | J23: 0 | K23: 0 | L23: 0 | M23: 0 | N23: 0 | P23: =SUM(C23:N23) -> 0
B24: 精技 | C24: 0 | D24: 0 | E24: 0 | F24: 0 | G24: 0 | H24: 0 | I24: 0 | J24: 0 | K24: 0 | L24: 0 | M24: 0 | N24: 0 | P24: =SUM(C24:N24) -> 0
B25: 凱基金 | C25: 0 | D25: 0 | E25: 0 | F25: 0 | G25: 0 | H25: 0 | I25: 0 | J25: 0 | K25: 0 | L25: 0 | M25: 0 | N25: 0 | P25: =SUM(C25:N25) -> 0
B26: 第一金 | C26: 0 | D26: 0 | E26: 0 | F26: 0 | G26: 0 | H26: 0 | I26: 0 | J26: 0 | K26: 0 | L26: 0 | M26: 0 | N26: 0 | P26: =SUM(C26:N26) -> 0
B27: 晶技 | C27: 0 | D27: 0 | E27: 0 | F27: 0 | G27: 0 | H27: 0 | I27: 4790 | J27: 0 | K27: 0 | L27: 0 | M27: 0 | N27: 0 | P27: =SUM(C27:N27) -> 4790
... B33: 台積電 | C33: 1995 | D33: 0 | E33: 0 | F33: 2395 | G33: 0 | H33: 0 | I33: 2395 | J33: 0 | K33: 0 | L33: 0 | M33: 0 | N33: 0 | P33: =SUM(C33:N33) -> 6785
C34: 0 | D34: 0 | E34: 0 | F34: 0 | G34: 0 | H34: 0 | I34: 0 | J34: 0 | K34: 0 | L34: 0 | M34: 0 | N34: 0 | P34: =SUM(C34:N34) -> 0
B36: Total | C36: =SUM(C16:C34) -> 1995 | D36: =SUM(D16:D34) -> 0 | E36: =SUM(E16:E34) -> 0 | F36: =SUM(F16:F34) -> 2395 | G36: =SUM(G16:G34) -> 0 | H36: =SUM(H16:H34) -> 0 | I36: =SUM(I16:I34) -> 57830 | J36: =SUM(J16:J34) -> 0 | ... N36: =SUM(N16:N34) -> 0 | P36: =SUM(C36:N36) -> 62220
B40: ETF
B41: 0050 | C41: 54.93
B42: 0056 | C42: 12.43
B43: 00878 | C43: 18.18
B44: 00900 | C44: 15
B45: 00712 | C45: 8.18
B46: 00929 | C46: 16.41
B47: 00679B | C47: 26.27

Sheet 2027年度 
B2: ETF | C2: 2027/01 | D2: 2027/02 | E2: 2027/03 | F2: 2027/04 | G2: 2027/05 | H2: 2027/06 | I2: 2027/07 | J2: 2027/08 | K2: 2027/09 | L2: 2027/10 | M2: 2027/11 | N2: 2027/12 | P2: Sum
B3: 0056 | C3: 0 | D3: 0 | E3: 0 | F3: 0 | G3: 0 | H3: 0 | I3: 0 | J3: 0 | K3: 0 | L3: 0 | M3: 0 | N3: 0 | P3: =SUM(C3:N3) -> 0
B4: 00878 | C4: 0 | D4: 0 | E4: 0 | F4: 0 | G4: 0 | H4: 0 | I4: 0 | J4: 0 | K4: 0 | L4: 0 | M4: 0 | N4: 0 | P4: =SUM(C4:N4) -> 0
B5: 00900 | C5: 0 | D5: 0 | E5: 0 | F5: 0 | G5: 0 | H5: 0 | I5: 0 | J5: 0 | K5: 0 | L5: 0 | M5: 0 | N5: 0 | P5: =SUM(C5:N5) -> 0
B6: 00712 | C6: 0 | D6: 0 | E6: 0 | F6: 0 | G6: 0 | H6: 0 | I6: 0 | J6: 0 | K6: 0 | L6: 0 | M6: 0 | N6: 0 | P6: =SUM(C6:N6) -> 0
B7: 00929 | C7: 0 | D7: 0 | E7: 0 | F7: 0 | G7: 0 | H7: 0 | I7: 0 | J7: 0 | K7: 0 | L7: 0 | M7: 0 | N7: 0 | P7: =SUM(C7:N7) -> 0
B8: 00679B | C8: 0 | D8: 0 | E8: 0 | F8: 0 | G8: 0 | H8: 0 | I8: 0 | J8: 0 | K8: 0 | L8: 0 | M8: 0 | N8: 0 | P8: =SUM(C8:N8) -> 0
B10: Total | C10: =SUM(C3:C8) -> 0 | D10: =SUM(D3:D8) -> 0 | E10: =SUM(E3:E8) -> 0 | F10: =SUM(F3:F8) -> 0 | G10: =SUM(G3:G8) -> 0 | H10: =SUM(H3:H8) -> 0 | I10: =SUM(I3:I8) -> 0 | J10: =SUM(J3:J8) -> 0 | ... N10: =SUM(N3:N8) -> 0 | P10: =SUM(C10:N10) -> 0
C11: =SUM(C10:E10) -> 0 | F11: =SUM(F10:H10) -> 0 | I11: =SUM(I10:K10) -> 0 | L11: =SUM(L10:N10) -> 0
B13: 股票 | C13: 2027/01 | D13: 2027/02 | E13: 2027/03 | F13: 2027/04 | G13: 2027/05 | H13: 2027/06 | I13: 2027/07 | J13: 2027/08 | K13: 2027/09 | L13: 2027/10 | M13: 2027/11 | N13: 2027/12 | P13: Sum
C14: 0 | D14: 0 | E14: 0 | F14: 0 | G14: 0 | H14: 0 | I14: 0 | J14: 0 | K14: 0 | L14: 0 | M14: 0 | N14: 0 | P14: =SUM(C14:N14) -> 0
C15: 0 | D15: 0 | E15: 0 | F15: 0 | G15: 0 | H15: 0 | I15: 0 | J15: 0 | K15: 0 | L15: 0 | M15: 0 | N15: 0 | P15: =SUM(C15:N15) -> 0
C16: 0 | D16: 0 | E16: 0 | F16: 0 | G16: 0 | H16: 0 | I16: 0 | J16: 0 | K16: 0 | L16: 0 | M16: 0 | N16: 0 | P16: =SUM(C16:N16) -> 0
C17: 0 | D17: 0 | E17: 0 | F17: 0 | G17: 0 | H17: 0 | I17: 0 | J17: 0 | K17: 0 | L17: 0 | M17: 0 | N17: 0 | P17: =SUM(C17:N17) -> 0
C18: 0 | D18: 0 | E18: 0 | F18: 0 | G18: 0 | H18: 0 | I18: 0 | J18: 0 | K18: 0 | L18: 0 | M18: 0 | N18: 0 | P18: =SUM(C18:N18) -> 0
C19: 0 | D19: 0 | E19: 0 | F19: 0 | G19: 0 | H19: 0 | I19: 0 | J19: 0 | K19: 0 | L19: 0 | M19: 0 | N19: 0 | P19: =SUM(C19:N19) -> 0
C20: 0 | D20: 0 | E20: 0 | F20: 0 | G20: 0 | H20: 0 | I20: 0 | J20: 0 | K20: 0 | L20: 0 | M20: 0 | N20: 0 | P20: =SUM(C20:N20) -> 0
C21: 0 | D21: 0 | E21: 0 | F21: 0 | G21: 0 | H21: 0 | I21: 0 | J21: 0 | K21: 0 | L21: 0 | M21: 0 | N21: 0 | P21: =SUM(C21:N21) -> 0
C22: 0 | D22: 0 | E22: 0 | F22: 0 | G22: 0 | H22: 0 | I22: 0 | J22: 0 | K22: 0 | L22: 0 | M22: 0 | N22: 0 | P22: =SUM(C22:N22) -> 0
C23: 0 | D23: 0 | E23: 0 | F23: 0 | G23: 0 | H23: 0 | I23: 0 | J23: 0 | K23: 0 | L23: 0 | M23: 0 | N23: 0 | P23: =SUM(C23:N23) -> 0
C24: 0 | D24: 0 | E24: 0 | F24: 0 | G24: 0 | H24: 0 | I24: 0 | J24: 0 | K24: 0 | L24: 0 | M24: 0 | N24: 0 | P24: =SUM(C24:N24) -> 0
C25: 0 | D25: 0 | E25: 0 | F25: 0 | G25: 0 | H25: 0 | I25: 0 | J25: 0 | K25: 0 | L25: 0 | M25: 0 | N25: 0 | P25: =SUM(C25:N25) -> 0
... C27: 0 | D27: 0 | E27: 0 | F27: 0 | G27: 0 | H27: 0 | I27: 0 | J27: 0 | K27: 0 | L27: 0 | M27: 0 | N27: 0 | P27: =SUM(C27:N27) -> 0
B29: Total | C29: =SUM(C14:C27) -> 0 | D29: =SUM(D14:D27) -> 0 | E29: =SUM(E14:E27) -> 0 | F29: =SUM(F14:F27) -> 0 | G29: =SUM(G14:G27) -> 0 | H29: =SUM(H14:H27) -> 0 | I29: =SUM(I14:I27) -> 0 | J29: =SUM(J14:J27) -> 0 | ... N29: =SUM(N14:N27) -> 0 | P29: =SUM(C29:N29) -> 0

Sheet 2028年度 
B2: ETF | C2: 2028/01 | D2: 2028/02 | E2: 2028/03 | F2: 2028/04 | G2: 2028/05 | H2: 2028/06 | I2: 2028/07 | J2: 2028/08 | K2: 2028/09 | L2: 2028/10 | M2: 2028/11 | N2: 2028/12 | P2: Sum
B3: 0056 | C3: 0 | D3: 0 | E3: 0 | F3: 0 | G3: 0 | H3: 0 | I3: 0 | J3: 0 | K3: 0 | L3: 0 | M3: 0 | N3: 0 | P3: =SUM(C3:N3) -> 0
B4: 00878 | C4: 0 | D4: 0 | E4: 0 | F4: 0 | G4: 0 | H4: 0 | I4: 0 | J4: 0 | K4: 0 | L4: 0 | M4: 0 | N4: 0 | P4: =SUM(C4:N4) -> 0
B5: 00900 | C5: 0 | D5: 0 | E5: 0 | F5: 0 | G5: 0 | H5: 0 | I5: 0 | J5: 0 | K5: 0 | L5: 0 | M5: 0 | N5: 0 | P5: =SUM(C5:N5) -> 0
B6: 00712 | C6: 0 | D6: 0 | E6: 0 | F6: 0 | G6: 0 | H6: 0 | I6: 0 | J6: 0 | K6: 0 | L6: 0 | M6: 0 | N6: 0 | P6: =SUM(C6:N6) -> 0
B7: 00929 | C7: 0 | D7: 0 | E7: 0 | F7: 0 | G7: 0 | H7: 0 | I7: 0 | J7: 0 | K7: 0 | L7: 0 | M7: 0 | N7: 0 | P7: =SUM(C7:N7) -> 0
B8: 00679B | C8: 0 | D8: 0 | E8: 0 | F8: 0 | G8: 0 | H8: 0 | I8: 0 | J8: 0 | K8: 0 | L8: 0 | M8: 0 | N8: 0 | P8: =SUM(C8:N8) -> 0
B10: Total | C10: =SUM(C3:C8) -> 0 | D10: =SUM(D3:D8) -> 0 | E10: =SUM(E3:E8) -> 0 | F10: =SUM(F3:F8) -> 0 | G10: =SUM(G3:G8) -> 0 | H10: =SUM(H3:H8) -> 0 | I10: =SUM(I3:I8) -> 0 | J10: =SUM(J3:J8) -> 0 | ... N10: =SUM(N3:N8) -> 0 | P10: =SUM(C10:N10) -> 0
C11: =SUM(C10:E10) -> 0 | F11: =SUM(F10:H10) -> 0 | I11: =SUM(I10:K10) -> 0 | L11: =SUM(L10:N10) -> 0
B13: 股票 | C13: 2028/01 | D13: 2028/02 | E13: 2028/03 | F13: 2028/04 | G13: 2028/05 | H13: 2028/06 | I13: 2028/07 | J13: 2028/08 | K13: 2028/09 | L13: 2028/10 | M13: 2028/11 | N13: 2028/12 | P13: Sum
C14: 0 | D14: 0 | E14: 0 | F14: 0 | G14: 0 | H14: 0 | I14: 0 | J14: 0 | K14: 0 | L14: 0 | M14: 0 | N14: 0 | P14: =SUM(C14:N14) -> 0
C15: 0 | D15: 0 | E15: 0 | F15: 0 | G15: 0 | H15: 0 | I15: 0 | J15: 0 | K15: 0 | L15: 0 | M15: 0 | N15: 0 | P15: =SUM(C15:N15) -> 0
C16: 0 | D16: 0 | E16: 0 | F16: 0 | G16: 0 | H16: 0 | I16: 0 | J16: 0 | K16: 0 | L16: 0 | M16: 0 | N16: 0 | P16: =SUM(C16:N16) -> 0
C17: 0 | D17: 0 | E17: 0 | F17: 0 | G17: 0 | H17: 0 | I17: 0 | J17: 0 | K17: 0 | L17: 0 | M17: 0 | N17: 0 | P17: =SUM(C17:N17) -> 0
C18: 0 | D18: 0 | E18: 0 | F18: 0 | G18: 0 | H18: 0 | I18: 0 | J18: 0 | K18: 0 | L18: 0 | M18: 0 | N18: 0 | P18: =SUM(C18:N18) -> 0
C19: 0 | D19: 0 | E19: 0 | F19: 0 | G19: 0 | H19: 0 | I19: 0 | J19: 0 | K19: 0 | L19: 0 | M19: 0 | N19: 0 | P19: =SUM(C19:N19) -> 0
C20: 0 | D20: 0 | E20: 0 | F20: 0 | G20: 0 | H20: 0 | I20: 0 | J20: 0 | K20: 0 | L20: 0 | M20: 0 | N20: 0 | P20: =SUM(C20:N20) -> 0
C21: 0 | D21: 0 | E21: 0 | F21: 0 | G21: 0 | H21: 0 | I21: 0 | J21: 0 | K21: 0 | L21: 0 | M21: 0 | N21: 0 | P21: =SUM(C21:N21) -> 0
C22: 0 | D22: 0 | E22: 0 | F22: 0 | G22: 0 | H22: 0 | I22: 0 | J22: 0 | K22: 0 | L22: 0 | M22: 0 | N22: 0 | P22: =SUM(C22:N22) -> 0
C23: 0 | D23: 0 | E23: 0 | F23: 0 | G23: 0 | H23: 0 | I23: 0 | J23: 0 | K23: 0 | L23: 0 | M23: 0 | N23: 0 | P23: =SUM(C23:N23) -> 0
C24: 0 | D24: 0 | E24: 0 | F24: 0 | G24: 0 | H24: 0 | I24: 0 | J24: 0 | K24: 0 | L24: 0 | M24: 0 | N24: 0 | P24: =SUM(C24:N24) -> 0
C25: 0 | D25: 0 | E25: 0 | F25: 0 | G25: 0 | H25: 0 | I25: 0 | J25: 0 | K25: 0 | L25: 0 | M25: 0 | N25: 0 | P25: =SUM(C25:N25) -> 0
... C27: 0 | D27: 0 | E27: 0 | F27: 0 | G27: 0 | H27: 0 | I27: 0 | J27: 0 | K27: 0 | L27: 0 | M27: 0 | N27: 0 | P27: =SUM(C27:N27) -> 0
B29: Total | C29: =SUM(C14:C27) -> 0 | D29: =SUM(D14:D27) -> 0 | E29: =SUM(E14:E27) -> 0 | F29: =SUM(F14:F27) -> 0 | G29: =SUM(G14:G27) -> 0 | H29: =SUM(H14:H27) -> 0 | I29: =SUM(I14:I27) -> 0 | J29: =SUM(J14:J27) -> 0 | ... N29: =SUM(N14:N27) -> 0 | P29: =SUM(C29:N29) -> 0

Sheet 2029年度
B2: ETF | C2: 2029/01 | D2: 2029/02 | E2: 2029/03 | F2: 2029/04 | G2: 2029/05 | H2: 2029/06 | I2: 2029/07 | J2: 2029/08 | K2: 2029/09 | L2: 2029/10 | M2: 2029/11 | N2: 2029/12 | P2: Sum
B3: 0056 | C3: 0 | D3: 0 | E3: 0 | F3: 0 | G3: 0 | H3: 0 | I3: 0 | J3: 0 | K3: 0 | L3: 0 | M3: 0 | N3: 0 | P3: =SUM(C3:N3) -> 0
B4: 00878 | C4: 0 | D4: 0 | E4: 0 | F4: 0 | G4: 0 | H4: 0 | I4: 0 | J4: 0 | K4: 0 | L4: 0 | M4: 0 | N4: 0 | P4: =SUM(C4:N4) -> 0
B5: 00900 | C5: 0 | D5: 0 | E5: 0 | F5: 0 | G5: 0 | H5: 0 | I5: 0 | J5: 0 | K5: 0 | L5: 0 | M5: 0 | N5: 0 | P5: =SUM(C5:N5) -> 0
B6: 00712 | C6: 0 | D6: 0 | E6: 0 | F6: 0 | G6: 0 | H6: 0 | I6: 0 | J6: 0 | K6: 0 | L6: 0 | M6: 0 | N6: 0 | P6: =SUM(C6:N6) -> 0
B7: 00929 | C7: 0 | D7: 0 | E7: 0 | F7: 0 | G7: 0 | H7: 0 | I7: 0 | J7: 0 | K7: 0 | L7: 0 | M7: 0 | N7: 0 | P7: =SUM(C7:N7) -> 0
B8: 00679B | C8: 0 | D8: 0 | E8: 0 | F8: 0 | G8: 0 | H8: 0 | I8: 0 | J8: 0 | K8: 0 | L8: 0 | M8: 0 | N8: 0 | P8: =SUM(C8:N8) -> 0
B10: Total | C10: =SUM(C3:C8) -> 0 | D10: =SUM(D3:D8) -> 0 | E10: =SUM(E3:E8) -> 0 | F10: =SUM(F3:F8) -> 0 | G10: =SUM(G3:G8) -> 0 | H10: =SUM(H3:H8) -> 0 | I10: =SUM(I3:I8) -> 0 | J10: =SUM(J3:J8) -> 0 | ... N10: =SUM(N3:N8) -> 0 | P10: =SUM(C10:N10) -> 0
C11: =SUM(C10:E10) -> 0 | F11: =SUM(F10:H10) -> 0 | I11: =SUM(I10:K10) -> 0 | L11: =SUM(L10:N10) -> 0
B13: 股票 | C13: 2029/01 | D13: 2029/02 | E13: 2029/03 | F13: 2029/04 | G13: 2029/05 | H13: 2029/06 | I13: 2029/07 | J13: 2029/08 | K13: 2029/09 | L13: 2029/10 | M13: 2029/11 | N13: 2029/12 | P13: Sum
C14: 0 | D14: 0 | E14: 0 | F14: 0 | G14: 0 | H14: 0 | I14: 0 | J14: 0 | K14: 0 | L14: 0 | M14: 0 | N14: 0 | P14: =SUM(C14:N14) -> 0
C15: 0 | D15: 0 | E15: 0 | F15: 0 | G15: 0 | H15: 0 | I15: 0 | J15: 0 | K15: 0 | L15: 0 | M15: 0 | N15: 0 | P15: =SUM(C15:N15) -> 0
C16: 0 | D16: 0 | E16: 0 | F16: 0 | G16: 0 | H16: 0 | I16: 0 | J16: 0 | K16: 0 | L16: 0 | M16: 0 | N16: 0 | P16: =SUM(C16:N16) -> 0
C17: 0 | D17: 0 | E17: 0 | F17: 0 | G17: 0 | H17: 0 | I17: 0 | J17: 0 | K17: 0 | L17: 0 | M17: 0 | N17: 0 | P17: =SUM(C17:N17) -> 0
C18: 0 | D18: 0 | E18: 0 | F18: 0 | G18: 0 | H18: 0 | I18: 0 | J18: 0 | K18: 0 | L18: 0 | M18: 0 | N18: 0 | P18: =SUM(C18:N18) -> 0
C19: 0 | D19: 0 | E19: 0 | F19: 0 | G19: 0 | H19: 0 | I19: 0 | J19: 0 | K19: 0 | L19: 0 | M19: 0 | N19: 0 | P19: =SUM(C19:N19) -> 0
C20: 0 | D20: 0 | E20: 0 | F20: 0 | G20: 0 | H20: 0 | I20: 0 | J20: 0 | K20: 0 | L20: 0 | M20: 0 | N20: 0 | P20: =SUM(C20:N20) -> 0
C21: 0 | D21: 0 | E21: 0 | F21: 0 | G21: 0 | H21: 0 | I21: 0 | J21: 0 | K21: 0 | L21: 0 | M21: 0 | N21: 0 | P21: =SUM(C21:N21) -> 0
C22: 0 | D22: 0 | E22: 0 | F22: 0 | G22: 0 | H22: 0 | I22: 0 | J22: 0 | K22: 0 | L22: 0 | M22: 0 | N22: 0 | P22: =SUM(C22:N22) -> 0
C23: 0 | D23: 0 | E23: 0 | F23: 0 | G23: 0 | H23: 0 | I23: 0 | J23: 0 | K23: 0 | L23: 0 | M23: 0 | N23: 0 | P23: =SUM(C23:N23) -> 0
C24: 0 | D24: 0 | E24: 0 | F24: 0 | G24: 0 | H24: 0 | I24: 0 | J24: 0 | K24: 0 | L24: 0 | M24: 0 | N24: 0 | P24: =SUM(C24:N24) -> 0
C25: 0 | D25: 0 | E25: 0 | F25: 0 | G25: 0 | H25: 0 | I25: 0 | J25: 0 | K25: 0 | L25: 0 | M25: 0 | N25: 0 | P25: =SUM(C25:N25) -> 0
... C27: 0 | D27: 0 | E27: 0 | F27: 0 | G27: 0 | H27: 0 | I27: 0 | J27: 0 | K27: 0 | L27: 0 | M27: 0 | N27: 0 | P27: =SUM(C27:N27) -> 0
B29: Total | C29: =SUM(C14:C27) -> 0 | D29: =SUM(D14:D27) -> 0 | E29: =SUM(E14:E27) -> 0 | F29: =SUM(F14:F27) -> 0 | G29: =SUM(G14:G27) -> 0 | H29: =SUM(H14:H27) -> 0 | I29: =SUM(I14:I27) -> 0 | J29: =SUM(J14:J27) -> 0 | ... N29: =SUM(N14:N27) -> 0 | P29: =SUM(C29:N29) -> 0
